Population,Statistic,P-Value
b_cell_percentage,0.3730906179333192,0.7439372607769806
cd8_t_cell_percentage,-0.2103515809558406,0.8443619059093721
cd4_t_cell_percentage,3.987613330135129,0.00951347994163183
nk_cell_percentage,1.690308509457033,0.1352903826616588
monocyte_percentage,-1.835565412311706,0.1997748995170471
